{"temperature":[11.257122630435944,14.67781433271006,10.338606932178179,14.294561946966844,13.077940707218525,10.085156205124349,13.75978331353508,14.685810111005921,11.963169860564392,14.83602814227746,14.848010321953975,10.160031627732995,12.777969247168109,14.351045228123242,13.411125568689137,14.408333102625217,5,3,3,3],"humidity":[69.70930481087,61.729777171673554,66.54661541250783,74.07553841445909,71.22257273759848,62.950428312410104,67.48464447032067,66.4673578541592,64.86471616100633,75.05985961909013,76.58807146269567,66.94266958125527,67.24705327973356,68.02748088362199,71.29343108969115,68.75407096354502,65.34565900927142,5,5,5],"ph":[5.624030135597352,5.812425080762149,5.557702204329165,5.58196346418233,5.9957648169304925,5.975093462801061,5.579594050659737,5.978397805604192,5.667895436681423,5.841466551297521,5.58487636296405,5.575451484243876,5.934612167756789,5.993328497328995,5.5052710253475565,5.906834509375268,5.957869514502139,5.654375830651787,5.911457433923049,5.529852081530131],"ec":[1.7318463262966282,1.626408308687912,1.5876627202320674,1.6556545843700343,1.415494272372421,1.5714926308151964,1.6728451582503676,1.409573858009389,1.507544155948906,1.7083898538237283,1.4239309602380883,1.587423990364445,1.4893382005786633,1.425654097530359,1.5880376444212796,1.4561765182092943,1.4938145065825321,1.4990405691541258,1.411873346471453,1.540822028816617],"pizza":[5,5]}